luna,luna,Luna,1992,1992-02-27,,1994-01-01,,,Underworld,London,,UK,underworld-london-uk,,,Dean Wareham - guitar/vocals|Justin Harwood - bass|Stanley Demeski - drums|Grasshopper - guitar,Slide|Slash Your Tires|Anesthesia|Strange|Crazy People|Time to Quit|I Want Everything|That's What You Always Say|Hey Sister|I Can't Wait|Indian Summer|Temperature's Rising,,,,,,Stream|https://www.fullofwishes.co.uk/2020/02/27/lunas-first-london-show-27-feb-1992/|A Head Full of Wishes,,|slide|slashyourtires|anesthesia|strange|crazypeople|timetoquit|iwanteverything|thatswhatyoualwayssay|heysister|icantwait|indiansummer|temperaturesrising|,Y
luna,luna,Luna,1992,1992-09-24,,1994-01-01,,,Clapham Grand,London,,UK,clapham-grand-london-uk,,,Dean Wareham - guitar/vocals|Justin Harwood - bass|Stanley Demeski - drums|Sean Eden - guitar,Slash Your Tires|I Can't Wait|Indian Summer|Tugboat|Just My Imagination (Running Away With Me)|That's What You Always Say,,,,,,,In conjunction with the MTV 120 Minutes Music Festival. (incomplete setlist),|slashyourtires|icantwait|indiansummer|tugboat|justmyimaginationrunningawaywithme|thatswhatyoualwayssay|,Y
luna,luna,Luna,1993,1993-06-03,,1994-01-01,,,Borderline,London,,UK,borderline-london-uk,,,Dean Wareham - guitar/vocals|Justin Harwood - bass|Stanley Demeski - drums|Sean Eden - guitar,Crazy People|Anesthesia|Ride Into the Sun|Friendly Advice|We're Both Confused|Going Home|Blue Thunder|Hey Sister|I Know You Tried|Smile|I Can't Wait|Time to Quit|Indian Summer|Slide|That's What You Always Say|When Will You Come Home,,,,,,Stream|https://www.fullofwishes.co.uk/2009/09/02/mp3-luna-live-in-london-in-1993/|A Head Full of Wishes,,|crazypeople|anesthesia|rideintothesun|friendlyadvice|werebothconfused|goinghome|bluethunder|heysister|iknowyoutried|smile|icantwait|timetoquit|indiansummer|slide|thatswhatyoualwayssay|whenwillyoucomehome|,Y
luna,luna,Luna,1993,1993-06-05,,1994-01-01,,,Forum,London,,UK,forum-london-uk,,,Dean Wareham - guitar/vocals|Justin Harwood - bass|Stanley Demeski - drums|Sean Eden - guitar,Anesthesia|We're Both Confused|Friendly Advice|Hey Sister|Slash Your Tires|Time to Quit|Indian Summer,,,,,,,Supporting The Velvet Underground,|anesthesia|werebothconfused|friendlyadvice|heysister|slashyourtires|timetoquit|indiansummer|,Y
luna,luna,Luna,1995,1995-05-10,,1994-01-01,,,Borderline,London,,UK,borderline-london-uk,,,Dean Wareham - guitar/vocals|Justin Harwood - bass|Stanley Demeski - drums|Sean Eden - guitar|Laetitia Sadier - vocals,Sideshow By The Seashore|California (All The Way)|Anesthesia|Chinatown|Freakin' and Peakin'|Tiger Lily|Thank You for Sending Me an Angel|Bonnie and Clyde|23 Minutes in Brussels|Into The Fold|Time to Quit|Friendly Advice|Indian Summer,,,,,,Download|https://www.fullofwishes.co.uk/2021/05/10/audio-full-show-luna-borderline/|A Head Full of Wishes,w/ special guest Laetitia Sadier guesting on Bonnie and Clyde - David Rose's blog post has a review and a scan of the setlist - it also confirms the date of the show was 10 May 1995 (not the 12th),|sideshowbytheseashore|californiaalltheway|anesthesia|chinatown|freakinandpeakin|tigerlily|thankyouforsendingmeanangel|bonnieandclyde|23minutesinbrussels|intothefold|timetoquit|friendlyadvice|indiansummer|,Y
luna,luna,Luna,1995,1995-12-16,,1994-01-01,,,Garage,London,,UK,garage-london-uk,,,Dean Wareham - guitar/vocals|Justin Harwood - bass|Stanley Demeski - drums|Sean Eden - guitar,Friendly Advice|Sideshow By The Seashore|Chinatown|California (All The Way)|Moon Palace|Freakin' and Peakin'|Strange|Hedgehog|Kalamazoo|Time to Quit|Lost In Space|We're Both Confused|23 Minutes in Brussels|Slide|Tiger Lily|Indian Summer,,Mojave 3,,,,,,|friendlyadvice|sideshowbytheseashore|chinatown|californiaalltheway|moonpalace|freakinandpeakin|strange|hedgehog|kalamazoo|timetoquit|lostinspace|werebothconfused|23minutesinbrussels|slide|tigerlily|indiansummer|,Y
luna,luna,Luna,1996,1996-10-02,,1994-01-01,,,ULU,London,,UK,ulu-london-uk,,,Dean Wareham - guitar/vocals|Justin Harwood - bass|Sean Eden - guitar|Lee Wall - drums,,,,,,,,,,Y
luna,luna,Luna,1997,1997-10-15,,1994-01-01,,,LA2,London,,UK,la2-london-uk,,,Dean Wareham - guitar/vocals|Justin Harwood - bass|Sean Eden - guitar|Lee Wall - drums,,,,,,,,Supported by Six by Seven and Cornershop,,Y
luna,luna,Luna,1999,1999-09-08,,1994-01-01,,,Embassy Rooms,London,,UK,embassy-rooms-london-uk,,,Dean Wareham - guitar/vocals|Justin Harwood - bass|Sean Eden - guitar|Lee Wall - drums,,,,,,,,,,Y
luna,luna,Luna,2001,2001-02-02,,1994-01-01,,,Knitting Factory,New York,NY,USA,knitting-factory-new-york-ny-usa,,,Dean Wareham - guitar/vocals|Sean Eden - guitar|Lee Wall - drums|Britta Phillips - bass,Fuzzy Wuzzy|Lovedust|Sideshow By The Seashore|Four Thousand Days|Pup Tent|Friendly Advice|Tiger Lily|Superfreaky Memories|The Slow Song|Lost In Space|23 Minutes in Brussels|Bonnie and Clyde|Indian Summer|Fourth of July,,,,,,,,|fuzzywuzzy|lovedust|sideshowbytheseashore|fourthousanddays|puptent|friendlyadvice|tigerlily|superfreakymemories|theslowsong|lostinspace|23minutesinbrussels|bonnieandclyde|indiansummer|fourthofjuly|,Y
luna,luna,Luna,2001,2001-02-03,,1994-01-01,,,Knitting Factory,New York,NY,USA,knitting-factory-new-york-ny-usa,,,Dean Wareham - guitar/vocals|Sean Eden - guitar|Lee Wall - drums|Britta Phillips - bass,,,,,,,,,,Y
luna,luna,Luna,2002,2002-10-29,,1994-01-01,,,Dingwalls,London,,UK,dingwalls-london-uk,,,"Dean Wareham - guitar, vocals|Sean Eden - guitar|Lee Wall - drums|Britta Phillips - bass",1995|Lovedust|Four Thousand Days|Mermaid Eyes|Pup Tent|Freakin' and Peakin'|Bewitched|Weird And Woozy|Tiger Lily|Black Postcards|Bonnie and Clyde|Moon Palace|Friendly Advice|Tugboat|23 Minutes in Brussels|Indian Summer,,,,,,,,|1995|lovedust|fourthousanddays|mermaideyes|puptent|freakinandpeakin|bewitched|weirdandwoozy|tigerlily|blackpostcards|bonnieandclyde|moonpalace|friendlyadvice|tugboat|23minutesinbrussels|indiansummer|,Y
luna,luna,Luna,2005,2005-01-17,,1994-01-01,,,ULU,London,,UK,ulu-london-uk,,,"Dean Wareham - guitar, vocals|Sean Eden - guitar|Lee Wall - drums|Britta Phillips - bass",Malibu Love Nest|Lovedust|Speedbumps|Bewitched|Broken Chair|Friendly Advice|Hey Sister|Moon Palace|Tiger Lily|Pup Tent|Chinatown|Tugboat|Bonnie and Clyde|Black Postcards|Fuzzy Wuzzy|23 Minutes in Brussels|Indian Summer,,,,,,,,|malibulovenest|lovedust|speedbumps|bewitched|brokenchair|friendlyadvice|heysister|moonpalace|tigerlily|puptent|chinatown|tugboat|bonnieandclyde|blackpostcards|fuzzywuzzy|23minutesinbrussels|indiansummer|,Y
luna,luna,Luna,2015,2015-07-30,,1994-01-01,,,Sticky Mike's Frog Bar,Brighton,,UK,sticky-mikes-frog-bar-brighton-uk,,,Dean Wareham - guitar/vocals|Sean Eden - guitar/vocals|Lee Wall - drums|Britta Phillips - bass/vocals,Slide|Chinatown|Sideshow by the Seashore|Malibu Love Nest|Going Home|Tiger Lily|Tracy I Love You|Bewitched|Lost in Space|California (All The Way)|Moon Palace|Friendly Advice|23 Minutes in Brussels|^encore|Blue Thunder|Indian Summer,,,https://media.fullofwishes.co.uk/02-luna/show_assets/2015-07-30/2015-07-30-luna-sticky-mikes-brighton-poster.jpg,https://www.gigantic.com/luna-the-old-market-hove-2015-07-30-19-30,https://www.drinkinbrighton.co.uk/events/stickymikesfrogbar/2015/07/29,,Support from Flowers,|slide|chinatown|sideshowbytheseashore|malibulovenest|goinghome|tigerlily|tracyiloveyou|bewitched|lostinspace|californiaalltheway|moonpalace|friendlyadvice|23minutesinbrussels|encore|bluethunder|indiansummer|,Y
luna,luna,Luna,2015,2015-07-31,,1994-01-01,,,The Garage,London,,UK,the-garage-london-uk,,,Dean Wareham - guitar/vocals|Sean Eden - guitar/vocals|Lee Wall - drums|Britta Phillips - bass/vocals,Slide|Chinatown|Sideshow by the Seashore|Malibu Love Nest|Tiger Lily|This Time Around|Friendly Advice|Tracy I Love You|Cindy Tastes of Barbecue|Lost in Space|Bobby Peru|Moon Palace|23 Minutes in Brussels|^encore|Anesthesia|Blue Thunder|Indian Summer,,,https://media.fullofwishes.co.uk/02-luna/show_assets/2015-07-31/20150731-luna-london-new.jpg,http://www.ticketweb.co.uk/event/AJI3107Z,,,Support from Flowers and El May,|slide|chinatown|sideshowbytheseashore|malibulovenest|tigerlily|thistimearound|friendlyadvice|tracyiloveyou|cindytastesofbarbecue|lostinspace|bobbyperu|moonpalace|23minutesinbrussels|encore|anesthesia|bluethunder|indiansummer|,Y
luna,luna,Luna,2015,2015-08-01,,1994-01-01,,,Brudenell Social Club,Leeds,,UK,brudenell-social-club-leeds-uk,,,Dean Wareham - guitar/vocals|Sean Eden - guitar/vocals|Lee Wall - drums|Britta Phillips - bass/vocals,Chinatown|Malibu Love Nest|Sideshow by the Seashore|Still at Home|Friendly Advice|Speedbumps|Tracy I Love You|Bewitched|Bonnie and Clyde|Moon Palace|Fuzzy Wuzzy|Time to Quit|23 Minutes in Brussels|^encore 1|Tugboat|Indian Summer|^encore 2|Tiger Lily,,,https://media.fullofwishes.co.uk/02-luna/show_assets/2015-08-01/2015-08-01-luna-brudenell-leeds-poster.jpg,,,,Support from Flowers and Hookworms,|chinatown|malibulovenest|sideshowbytheseashore|stillathome|friendlyadvice|speedbumps|tracyiloveyou|bewitched|bonnieandclyde|moonpalace|fuzzywuzzy|timetoquit|23minutesinbrussels|encore1|tugboat|indiansummer|encore2|tigerlily|,Y
luna,luna,Luna,2016,2016-10-06,,2016-07-11,,,O2 Academy,Oxford,,UK,o2-academy-oxford-uk,,,Dean Wareham - guitar/vocals|Sean Eden - guitar|Lee Wall - drums|Britta Phillips - bass,^Penthouse|Chinatown|Sideshow By The Seashore|Moon Palace|Double Feature|23 Minutes In Brussels|Lost In Space|Rhythm King|Kalamazoo|Hedgehog|Freakin' and Peakin'|Bonnie and Clyde|^encore|Pup Tent|Tracy I Love You|Indian Summer,,,https://media.fullofwishes.co.uk/02-luna/show_assets/2016-10-06/2016-10-06-luna-o2-academy-oxford-poster.jpg,http://www.ticketweb.co.uk/event/DEH0610Y?brand=o2academyoxford&camefrom=AMG_OXFORD_luna,https://www.academymusicgroup.com/o2academyoxford/events/856618/luna-tickets,,Playing Penthouse in full,|penthouse|chinatown|sideshowbytheseashore|moonpalace|doublefeature|23minutesinbrussels|lostinspace|rhythmking|kalamazoo|hedgehog|freakinandpeakin|bonnieandclyde|encore|puptent|tracyiloveyou|indiansummer|,Y
luna,luna,Luna,2016,2016-10-07,,2016-03-29,,,Academy Islington,London,,UK,academy-islington-london-uk,,,Dean Wareham - guitar/vocals|Sean Eden - guitar|Lee Wall - drums|Britta Phillips - bass,^Penthouse|Chinatown|Sideshow By The Seashore|Moon Palace|Double Feature|23 Minutes In Brussels|Lost In Space|Rhythm King|Kalamazoo|Hedgehog|Freakin' and Peakin'|Bonnie and Clyde|^encore|Malibu Love Nest|Bewitched|Friendly Advice|^encore 2|Bobby Peru|Indian Summer,,,https://media.fullofwishes.co.uk/02-luna/show_assets/2016-10-07/2016-10-07-luna-o2-academy-london-poster.jpg,http://tickets.o2priority.co.uk/listings/luna/38488,https://academymusicgroup.com/o2academyislington/events/823430/luna-playing-penthouse-full-tickets,,Luna will be playing Penthouse,|penthouse|chinatown|sideshowbytheseashore|moonpalace|doublefeature|23minutesinbrussels|lostinspace|rhythmking|kalamazoo|hedgehog|freakinandpeakin|bonnieandclyde|encore|malibulovenest|bewitched|friendlyadvice|encore2|bobbyperu|indiansummer|,Y
luna,luna,Luna,2016,2016-10-08,,2016-02-19,,Rockaway Beach Festival,Butlins,Bognor Regis,,UK,rockaway-beach-festival-butlins-bognor-regis-uk,,,Dean Wareham - guitar/vocals|Sean Eden - guitar|Lee Wall - drums|Britta Phillips - bass,Chinatown|Malibu Love Nest|Speedbumps|23 Minutes In Brussels|Lovedust|Sideshow By The Seashore|Tracy I Love You|One Fine Summer Morning [Britta Phillips]|Lost In Space|Still At Home|Anesthesia|Blue Thunder|Friendly Advice,,,,http://www.bigweekends.com/the-weekends/specialist-music-weekends/rockaway-beach.aspx,http://www.rockawaybeach.co.uk/,,,|chinatown|malibulovenest|speedbumps|23minutesinbrussels|lovedust|sideshowbytheseashore|tracyiloveyou|onefinesummermorningbrittaphillips|lostinspace|stillathome|anesthesia|bluethunder|friendlyadvice|,Y
luna,luna,Luna,2016,2016-10-12,,2016-07-12,,,Petit Bain,Paris,,France,petit-bain-paris-france,,,Dean Wareham - guitar/vocals|Sean Eden - guitar|Lee Wall - drums|Britta Phillips - bass,,,,,https://www.weezevent.com/luna-matt-elliott,http://www.petitbain.org/LUNA-MATT-ELLIOTT?date=2016-10-12,,Luna play Penthouse in full,,Y
luna,luna,Luna,2018,2018-09-06,,2018-05-11,,,Academy Islington,London,,UK,academy-islington-london-uk,,,Dean Wareham - guitar/vocals|Sean Eden - guitar|Britta Phillips - bass|Lee Wall - drums,GTX3|Chinatown|Fire in Cairo|Math Wiz|Sweetness|Malibu Love Nest|Still at Home|23 Minutes in Brussels|Lovedust|Tracy I Love You|Car Wash Hair|Moon Palace|Indian Summer|^encore|Flowers|Strange|Friendly Advice,,,https://media.fullofwishes.co.uk/02-luna/show_assets/2018-09-06/2018-09-06-luna-academy-london-poster.jpg,http://www.ticketmaster.co.uk/event/1F0054A3DD46699F,,,,|gtx3|chinatown|fireincairo|mathwiz|sweetness|malibulovenest|stillathome|23minutesinbrussels|lovedust|tracyiloveyou|carwashhair|moonpalace|indiansummer|encore|flowers|strange|friendlyadvice|,Y
luna,luna,Luna,2018,2018-09-10,,2018-06-19,,,Atlas,Aarhus,,Denmark,atlas-aarhus-denmark,,,Dean Wareham - guitar/vocals|Sean Eden - guitar|Britta Phillips - bass|Lee Wall - drums,GTX3|Chinatown|Fire in Cairo|Math Wiz|Anesthesia|Beggar's Bliss|Malibu Love Nest|Sideshow by the Seashore|23 Minutes in Brussels|Lost In Space|Black Postcards|Moon Palace|Friendly Advice|^encore|Flowers|Bonnie and Clyde|Indian Summer,,,,https://fondenvoxhall.dk/koncerter/luna/,https://fondenvoxhall.dk/koncerter/luna/,,,|gtx3|chinatown|fireincairo|mathwiz|anesthesia|beggarsbliss|malibulovenest|sideshowbytheseashore|23minutesinbrussels|lostinspace|blackpostcards|moonpalace|friendlyadvice|encore|flowers|bonnieandclyde|indiansummer|,Y
luna,luna,Luna,2018,2018-09-11,,2018-05-18,,,Loppen,Copenhagen,,Denmark,loppen-copenhagen-denmark,,,Dean Wareham - guitar/vocals|Sean Eden - guitar|Britta Phillips - bass|Lee Wall - drums,GTX3|Sideshow by the Seashore|Fire in Cairo|Math Wiz|Speedbumps|Still at Home|Chinatown|Malibu Love Nest|I Want Everything|23 Minutes in Brussels|Bewitched|One Fine Summer Morning|Friendly Advice|^encore|Blue Thunder|Moon Palace|Car Wash Hair,,,,https://tikkio.com/tickets/5583-luna-pa-loppen,http://loppen.dk/kalender/luna,,,|gtx3|sideshowbytheseashore|fireincairo|mathwiz|speedbumps|stillathome|chinatown|malibulovenest|iwanteverything|23minutesinbrussels|bewitched|onefinesummermorning|friendlyadvice|encore|bluethunder|moonpalace|carwashhair|,Y
luna,luna,Luna,2018,2018-09-12,,2018-06-21,,,Debaser,Stockholm,,Sweden,debaser-stockholm-sweden,,,Dean Wareham - guitar/vocals|Sean Eden - guitar|Britta Phillips - bass|Lee Wall - drums,GTX3|Slide|Chinatown|Fire in Cairo|Math Wiz|23 Minutes in Brussels|Lost in Space|Malibu Love Nest|Tracy I Love You|Still at Home|Car Wash Hair|One Fine Summer Morning|Friendly Advice|^encore|Strange|California Blue|Fuzzy Wuzzy,,,,,,,,|gtx3|slide|chinatown|fireincairo|mathwiz|23minutesinbrussels|lostinspace|malibulovenest|tracyiloveyou|stillathome|carwashhair|onefinesummermorning|friendlyadvice|encore|strange|californiablue|fuzzywuzzy|,Y
galaxie-500,galaxie-500,Galaxie 500,,1990-06-27,,,,,Subterania,London,,UK,subterania-london-uk,,,Dean Wareham - guitar/vocals|Naomi Yang - bass/vocals|Damon Krukowski - drums,Fourth of July|Spook|Flowers|Melt Away|Summertime|Snowstorm|When Will You Come Home|Ceremony|Don't Let Our Youth Go to Waste,,,,,,Stream video|https://www.youtube.com/watch?v=ozeRVpP4T0Q,,|fourthofjuly|spook|flowers|meltaway|summertime|snowstorm|whenwillyoucomehome|ceremony|dontletouryouthgotowaste|,Y
galaxie-500,galaxie-500,Galaxie 500,,1990-11-15,,,,,ULU,London,,UK,ulu-london-uk,,,Dean Wareham - guitar/vocals|Naomi Yang - bass/vocals|Damon Krukowski - drums,"Decomposing Trees|Fourth of July|Hearing Voices|Summertime|Don't Let Our Youth Go to Waste|Spook|When Will You Come Home|Sorry|Melt Away|Listen, the Snow Is Falling|Blue Thunder|Here She Comes Now|Ceremony",,,,,,,,|decomposingtrees|fourthofjuly|hearingvoices|summertime|dontletouryouthgotowaste|spook|whenwillyoucomehome|sorry|meltaway|listenthesnowisfalling|bluethunder|hereshecomesnow|ceremony|,Y
dean-and-britta,dean-and-britta,Dean & Britta,2007,2007-06-19,,1994-01-01,,,Metro Club,London,,UK,metro-club-london-uk,,,Dean Wareham - guitar/vocals|Britta Phillips - bass/keyboards/vocals,Singer Sing|Hear The Wind Blow|Words You Used To Say|You Turned My Head Around|White Horses|Ginger Snaps|Night Nurse|Knives From Bavaria|Tugboat|Strange|Bonnie and Clyde|Ceremony,,,,,,,with Asobi Seksu,|singersing|hearthewindblow|wordsyouusedtosay|youturnedmyheadaround|whitehorses|gingersnaps|nightnurse|knivesfrombavaria|tugboat|strange|bonnieandclyde|ceremony|,Y
dean-and-britta,dean-and-britta,Dean & Britta,2007,2007-06-20,,1994-01-01,,,Legion,London,,UK,legion-london-uk,,,Dean Wareham - guitar/vocals|Britta Phillips - bass/keyboards/vocals,Singer Sing|Indian Summer|Our Love Will Still Be There|Words You Used To Say|White Horses|Hear The Wind Blow|Knives From Bavaria|Since I Lay My Burden Down|Night Nurse|Ginger Snaps|Tugboat|Bewitched|You Turned My Head Around|Bonnie and Clyde,,,,,,,with The Clientele and Flowers Of Hell,|singersing|indiansummer|ourlovewillstillbethere|wordsyouusedtosay|whitehorses|hearthewindblow|knivesfrombavaria|sinceilaymyburdendown|nightnurse|gingersnaps|tugboat|bewitched|youturnedmyheadaround|bonnieandclyde|,Y
dean-and-britta,dean-and-britta,Dean & Britta,2009,2009-07-08,,1994-01-01,13 Most Beautiful,,Carnegie Hall,Dunfermline,,UK,carnegie-hall-dunfermline-uk,,,Dean Wareham - guitar/vocals|Britta Phillips - bass/keyboards/vocals,Richard Rheem Theme|Ann Buchanan Theme|Teenage Lightning|It Don't Rain in Beverly Hills|Silver Factory Theme|International Velvet Theme|Herringbone Tweed|I Found It Not So|I'll Keep It With Mine|Incandescent Innocent|Eyes in My Smoke|Not a Young Man Anymore|Knives From Bavaria|,,,https://media.fullofwishes.co.uk/07-dean_and_britta/pictures/13most_300-new.jpg,,,,13 Most Beautiful…Songs for Andy Warhol's Screen Tests,|richardrheemtheme|annbuchanantheme|teenagelightning|itdontraininbeverlyhills|silverfactorytheme|internationalvelvettheme|herringbonetweed|ifounditnotso|illkeepitwithmine|incandescentinnocent|eyesinmysmoke|notayoungmananymore|knivesfrombavaria||,Y
dean-and-britta,dean-and-britta,Dean & Britta,2010,2010-07-30,,1994-01-01,13 Most Beautiful,,The Barbican,London,,UK,the-barbican-london-uk,,,Dean Wareham - guitar/vocals|Britta Phillips - bass/keyboards/vocals,Richard Rheem Theme|Ann Buchanan Theme|Teenage Lightning|It Don't Rain in Beverly Hills|Silver Factory Theme|International Velvet Theme|Herringbone Tweed|I Found It Not So|I'll Keep It With Mine|Incandescent Innocent|Eyes in My Smoke|Not a Young Man Anymore|Knives From Bavaria|,,,https://media.fullofwishes.co.uk/07-dean_and_britta/pictures/13most_300-new.jpg,,,,13 Most Beautiful… Songs for Andy Warhol's Screen Tests,|richardrheemtheme|annbuchanantheme|teenagelightning|itdontraininbeverlyhills|silverfactorytheme|internationalvelvettheme|herringbonetweed|ifounditnotso|illkeepitwithmine|incandescentinnocent|eyesinmysmoke|notayoungmananymore|knivesfrombavaria||,Y
dean-and-britta,dean-and-britta,Dean & Britta,2010,2010-12-08,,1994-01-01,Dean Wareham plays Galaxie 500,,The Garage,London,,UK,the-garage-london-uk,,,Dean Wareham - guitar/vocals|Britta Phillips - bass/keyboards/vocals,,,,,,,,Dean Wareham plays Galaxie 500,,Y
dean-and-britta,dean-and-britta,Dean & Britta,2011,2011-02-16,,1994-01-01,Dean Wareham plays Galaxie 500,,Komedia,Brighton,,UK,komedia-brighton-uk,,,Dean Wareham - guitar/vocals|Britta Phillips - bass/keyboards/vocals|Jason Lawrence - drums,,,,,,,,Dean Wareham plays Galaxie 500,,Y
dean-and-britta,dean-and-britta,Dean & Britta,2011,2011-04-24,,1994-01-01,Dean Wareham plays Galaxie 500,,XOYO,London,,UK,xoyo-london-uk,,,Dean Wareham - guitar/vocals|Britta Phillips - bass/keyboards/vocals,,,,,,,,Dean Wareham plays Galaxie 500,,Y
dean-and-britta,dean-and-britta,Dean & Britta,2011,2011-07-24,,1994-01-01,Dean Wareham plays Galaxie 500,,Truck Festival,Didcot,,UK,truck-festival-didcot-uk,,,Dean Wareham - guitar/vocals|Britta Phillips - bass/keyboards/vocals,,,,,,,,Three day festival Dean Wareham plays Galaxie 500 on the Sunday,,Y
dean-and-britta,dean-wareham,Dean Wareham,2013,2013-12-05,,1994-01-01,,,St. Pancras Old Church,London,,UK,st-pancras-old-church-london-uk,,,Dean Wareham - guitar/vocals|Britta Phillips - bass/keyboards/vocals,Love Is Colder Than Death|The Longest Bridges in The World|When Will You Come Home|The Deadliest Day Since The Invasion Began|Emancipated Hearts|Tell Me|Strange|Air|Lost In Space|Blue Thunder|Moon Palace|Ride Into the Sun|Tugboat|Don't Let Our Youth Go to Waste|Ceremony,,,,,,,,|loveiscolderthandeath|thelongestbridgesintheworld|whenwillyoucomehome|thedeadliestdaysincetheinvasionbegan|emancipatedhearts|tellme|strange|air|lostinspace|bluethunder|moonpalace|rideintothesun|tugboat|dontletouryouthgotowaste|ceremony|,Y
dean-and-britta,dean-wareham,Dean Wareham,2013,2013-12-06,,1994-01-01,,,St. Pancras Old Church,London,,UK,st-pancras-old-church-london-uk,,,Dean Wareham - guitar/vocals|Britta Phillips - bass/keyboards/vocals,Love Is Colder Than Death|The Longest Bridges in The World|When Will You Come Home|The Deadliest Day Since The Invasion Began|Emancipated Hearts|Temperature's Rising|Air|Strange|Moon Palace|Lost In Space|Blue Thunder|Tugboat|Ride Into the Sun|Don't Let Our Youth Go to Waste,,,,,,,,|loveiscolderthandeath|thelongestbridgesintheworld|whenwillyoucomehome|thedeadliestdaysincetheinvasionbegan|emancipatedhearts|temperaturesrising|air|strange|moonpalace|lostinspace|bluethunder|tugboat|rideintothesun|dontletouryouthgotowaste|,Y
dean-and-britta,dean-wareham,Dean Wareham,2014,2014-05-21,,1994-01-01,,,The Prince Albert,Brighton,,UK,the-prince-albert-brighton-uk,,,"Dean Wareham - guitar and vocals|Britta Phillips - bass, keyboards and backing vocals|Raymond Richards - guitar, keyboards, bass and backing vocals|Roger Brogan - drums",Flowers|Emancipated Hearts|Heartless People|Pictures|The Dancer Disappears|Holding Pattern|When Will You Come Home|Love is Not a Roof Against the Rain|Lost in Space|Babes in the Wood|Blue Thunder|Tugboat|Happy and Free|Strange|Fourth of July,,,,,,,,|flowers|emancipatedhearts|heartlesspeople|pictures|thedancerdisappears|holdingpattern|whenwillyoucomehome|loveisnotaroofagainsttherain|lostinspace|babesinthewood|bluethunder|tugboat|happyandfree|strange|fourthofjuly|,Y
dean-and-britta,dean-wareham,Dean Wareham,2014,2014-05-22,,1994-01-01,,,The Zephyr Lounge,Leamington Spa,,UK,the-zephyr-lounge-leamington-spa-uk,,,"Dean Wareham - guitar and vocals|Britta Phillips - bass, keyboards and backing vocals|Raymond Richards - guitar, keyboards, bass and backing vocals|Roger Brogan - drums",Emancipated Hearts|Pictures|Heartless People|Tiger Lily|The Dancer Disappears|Holding Pattern|Love is Not a Roof Against the Rain|When Will You Come Home|Strange|Moon Palace|Babes in the Wood|Tugboat|Happy and Free|Indian Summer,,,https://media.fullofwishes.co.uk/05-dean_wareham/show_assets/2014-05-22/2014-05-22-dean-wareham.jpg,https://dashboard.ticketscript.com/channel/web2/get-dates/rid/VHCHB5LE/eid/200621/language/en/format/html,http://zephyrlounge.co.uk/,,,|emancipatedhearts|pictures|heartlesspeople|tigerlily|thedancerdisappears|holdingpattern|loveisnotaroofagainsttherain|whenwillyoucomehome|strange|moonpalace|babesinthewood|tugboat|happyandfree|indiansummer|,Y
dean-and-britta,dean-wareham,Dean Wareham,2014,2014-05-23,,1994-01-01,,,Islington Assembly Hall,London,,UK,islington-assembly-hall-london-uk,,,"Dean Wareham - guitar and vocals|Britta Phillips - bass, keyboards and backing vocals|Raymond Richards - guitar, keyboards, bass and backing vocals|Roger Brogan - drums",Flowers|Emancipated Hearts|Heartless People|Holding Pattern|The Dancer Disappears|Air|When Will You Come Home|Love is Not a Roof Against the Rain|Moon Palace|Babes in the Wood|Strange|Blue Thunder|Tugboat|Happy and Free|Fourth of July|Ceremony,,,https://media.fullofwishes.co.uk/05-dean_wareham/show_assets/2014-05-23/2014-05-23-dean-wareham-london.jpg,http://www.alt-tickets.co.uk/alttickets/home_dean_wareham.html,http://www.islington.gov.uk/assemblyhall/Pages/default.aspx,,Support: Darren Hayman,|flowers|emancipatedhearts|heartlesspeople|holdingpattern|thedancerdisappears|air|whenwillyoucomehome|loveisnotaroofagainsttherain|moonpalace|babesinthewood|strange|bluethunder|tugboat|happyandfree|fourthofjuly|ceremony|,Y
dean-and-britta,dean-wareham,Dean Wareham,2014,2014-07-26,,1994-01-01,,,Indietracks Festival,Derbyshire,,UK,indietracks-festival-derbyshire-uk,,,Dean Wareham - guitar/vocals|Britta Phillips - bass/keyboards/vocals|Raymond Richards - guitar/keyboards/bass|Roger Brogan - drums,Emancipated Hearts|When Will You Come Home|The Dancer Disappears|Holding Pattern|Snowstorm|Love Is Not a Roof Against the Rain|Decomposing Trees|Strange|Blue Thunder|Babes in the Wood|Tugboat|Fourth of July,,,https://media.fullofwishes.co.uk/05-dean_wareham/show_assets/2014-07-26/indietracks-2014.jpg,http://www.indietracks.co.uk/tickets/,http://www.indietracks.co.uk/,,Played the indoor stage at 20:00 on the Saturday of the festival.,|emancipatedhearts|whenwillyoucomehome|thedancerdisappears|holdingpattern|snowstorm|loveisnotaroofagainsttherain|decomposingtrees|strange|bluethunder|babesinthewood|tugboat|fourthofjuly|,Y
dean-and-britta,dean-wareham,Dean Wareham,2016,2016-05-16,,1994-01-01,Exposed: Songs For Unseen Warhol Films,,The Barbican,London,,UK,the-barbican-london-uk,,,Dean Wareham - guitar/vocals|Tom Verlaine - guitar|Martin Rev - keyboards/vocals|Eleanor Friedberger - guitar/vocals|Britta Phillips - bass/vocals|Jason Quever - guitar/keyboards|Noah Hecht - drums,^John Washing (1963) - Tom Verlaine|^Jill (1963) - Tom Verlaine|^Bob Indiana Etc. (1963) - Tom Verlaine|^Superboy (extract - 1966) - Martin Rev|^Allen (1964) - Martin Rev|^Jack Cigarette (extract from Batman Dracula) (1964) - Martin Rev|^Screen Test: Donovan (ST 78 - 1966) - Eleanor Friedberger|^Marisol – Stop Motion (1963) - Eleanor Friedberger|^Screen Test: Edie Sedgwick (ST 310 - 1965) - Eleanor Friedberger|^Paraphernalia (1966) - Dean Wareham|^Nico/Antoine (1966) - Dean Wareham|^Kiss the Boot (extract) (1966) - Dean Wareham|^Screen Test: Marcel Duchamp and Benedetta Barzini (ST 81 - 1966) - Bradford Cox (recording)|^Mario Montez and Boy (1965) - Bradford Cox (recording)|^Me and Taylor (1963) - Bradford Cox (recording),,,,https://www.barbican.org.uk/eticketing/performancelist.asp?shoid=39915,http://www.barbican.org.uk/music/event-detail.asp?ID=18947,,"Exposed: Songs For Unseen Warhol Films.15 Andy Warhol films with live accompaniment.Featuring Dean Wareham, Tom Verlaine, Maritn Rev and Eleanor Friedburger.Bradford Cox was unavailable to play due to a family bereavement - his films were shown with recorded music.",|johnwashing1963tomverlaine|jill1963tomverlaine|bobindianaetc1963tomverlaine|superboyextract1966martinrev|allen1964martinrev|jackcigaretteextractfrombatmandracula1964martinrev|screentestdonovanst781966eleanorfriedberger|marisolstopmotion1963eleanorfriedberger|screentestediesedgwickst3101965eleanorfriedberger|paraphernalia1966deanwareham|nicoantoine1966deanwareham|kissthebootextract1966deanwareham|screentestmarcelduchampandbenedettabarzinist811966bradfordcoxrecording|mariomontezandboy1965bradfordcoxrecording|meandtaylor1963bradfordcoxrecording|,Y
dean-and-britta,britta-phillips,Britta Phillips,2016,2016-10-06,,2016-10-06,,,O2 Academy,Oxford,,UK,o2-academy-oxford-uk,,,Dean Wareham - guitar/vocals|Sean Eden - guitar|Lee Wall - drums|Britta Phillips - bass,One Fine Summer Morning|Daydream|Ingrid Superstar|Drive,,,https://media.fullofwishes.co.uk/02-luna/show_assets/2016-10-06/2016-10-06-luna-o2-academy-oxford-poster.jpg,http://www.ticketweb.co.uk/event/DEH0610Y?brand=o2academyoxford&camefrom=AMG_OXFORD_luna,https://www.academymusicgroup.com/o2academyoxford/events/856618/luna-tickets,,Unscheduled show supporting Luna,|onefinesummermorning|daydream|ingridsuperstar|drive|,Y
dean-and-britta,britta-phillips,Britta Phillips,2016,2016-10-07,,2016-07-24,,,Academy Islington,London,,UK,academy-islington-london-uk,,,Britta Phillips - bass/vocals|Dean Wareham - guitar,One Fine Summer Morning|Daydream|Fallin' In Love|Do It last|Wrap Your Arms Around Me|Ingrid Superstar|Drive,,,,http://tickets.o2priority.co.uk/listings/luna/38488,https://academymusicgroup.com/o2academyislington/events/823430/luna-playing-penthouse-full-tickets,,,|onefinesummermorning|daydream|fallininlove|doitlast|wrapyourarmsaroundme|ingridsuperstar|drive|,Y
dean-and-britta,dean-wareham,Dean Wareham,2022,2022-07-22,,2022-01-14,Dean Wareham plays Galaxie 500,,Islington Assembly Hall,London,,UK,islington-assembly-hall-london-uk,,,Dean Wareham - guitar/vocals|Britta Phillips - bass/vocals|Derek See - guitar|Roger Brogan - drums,,,,,,,,Dean Wareham plays Galaxie 500's On Fire + more.,,Y
dean-and-britta,dean-wareham,Dean Wareham,2022,2022-07-23,,2022-01-14,Dean Wareham plays Galaxie 500,,The Venue,Worthing,,UK,the-venue-worthing-uk,,,Dean Wareham - guitar/vocals|Britta Phillips - bass/vocals|Derek See - guitar|Roger Brogan - drums,,,,,https://www.seetickets.com/event/dean-wareham-plays-galaxie-500/the-venue/1473012,,,Dean Wareham plays Galaxie 500's On Fire + more.,,Y
dean-and-britta,dean-wareham,Dean Wareham,2022,2022-07-28,,2022-01-14,Dean Wareham plays Galaxie 500,,The Cluny 2,Newcastle,,UK,the-cluny-2-newcastle-uk,,,Dean Wareham - guitar/vocals|Britta Phillips - bass/vocals|Derek See - guitar|Roger Brogan - drums,,,,,https://thecluny.com/listing/dean-wareham-plays-galaxie-500/,,,Dean Wareham plays Galaxie 500's On Fire + more.,,Y
dean-and-britta,dean-wareham,Dean Wareham,2023,2023-03-16,,2022-10-10,Dean Wareham plays Galaxie 500,,The Garage,London,,UK,the-garage-london-uk,,,Dean Wareham - guitar/vocals|Britta Phillips - bass/vocals|Derek See - guitar|Roger Brogan - drums,"The Past Is Our Plaything|Just as Much as It Was Worth|Under Skys|Flowers|Pictures|Temperature's Rising|Blue Thunder|Decomposing Trees|Another Day|Snowstorm|When Will You Come Home|Strange|Listen, the Snow Is Falling|^encore|Cheese and Onions|Tugboat",,,https://media.fullofwishes.co.uk/05-dean_wareham/show_assets/2023-03-16/2023-03-16-dean-wareham-london-poster.jpg,https://www.alttickets.com/dean-wareham-plays-galaxie-500-tickets,,,,|thepastisourplaything|justasmuchasitwasworth|underskys|flowers|pictures|temperaturesrising|bluethunder|decomposingtrees|anotherday|snowstorm|whenwillyoucomehome|strange|listenthesnowisfalling|encore|cheeseandonions|tugboat|,Y
dean-and-britta,dean-wareham,Dean Wareham,2025,2025-04-01,,2024-09-28,,,The Garage,Glasgow,,UK,the-garage-glasgow-uk,,,Dean Wareham - guitar/vocals|Britta Phillips - bass/vocals|Roger Brogan - drums|Matt Popieluch - guitar/keyboards,New World Julie|You Were the Ones I Had to Betray|Dear Betty Baby|Yesterday's Hero|The Cloud Is Coming|Bourgeois Manqué|Parking Lot|Just as Much as It Was Worth|Flowers|When Will You Come Home|The Last Word|Blue Thunder|Friendly Advice|^encore|Ceremony|Strange|Fourth of July |,My notes,,https://media.fullofwishes.co.uk/05-dean_wareham/show_assets/2025-04/2025-04-dean-wareham-uk-tour.png,https://www.seetickets.com/event/dean-wareham-songs-of-galaxie-500-luna-and-more/the-garage/3180864,https://garageglasgow.co.uk/gig-listings/,,,|newworldjulie|youweretheonesihadtobetray|dearbettybaby|yesterdayshero|thecloudiscoming|bourgeoismanqu|parkinglot|justasmuchasitwasworth|flowers|whenwillyoucomehome|thelastword|bluethunder|friendlyadvice|encore|ceremony|strange|fourthofjuly||,Y
dean-and-britta,dean-wareham,Dean Wareham,2025,2025-04-05,,2024-09-28,,,Brudenell Social Club,Leeds,,UK,brudenell-social-club-leeds-uk,,,Dean Wareham - guitar/vocals|Britta Phillips - bass/vocals|Roger Brogan - drums|Matt Popieluch - guitar/keyboards,New World Julie|Mystery Guest|That's the Price of Loving Me|Yesterday's Hero|We're Not Finished Yet|Bourgeois Manqué|Flowers|Friendly Advice|Snowstorm|Just as Much as It Was Worth|When Will You Come Home|The Last Word|Blue Thunder|Tugboat|^encore|Strange|The Cloud Is Coming|23 Minutes in Brussels|,,,https://media.fullofwishes.co.uk/05-dean_wareham/show_assets/2025-04/2025-04-dean-wareham-uk-tour.png,https://www.seetickets.com/event/dean-wareham-songs-of-galaxie-500-luna-and-more/brudenell-social-club/3180875,,,,|newworldjulie|mysteryguest|thatsthepriceoflovingme|yesterdayshero|werenotfinishedyet|bourgeoismanqu|flowers|friendlyadvice|snowstorm|justasmuchasitwasworth|whenwillyoucomehome|thelastword|bluethunder|tugboat|encore|strange|thecloudiscoming|23minutesinbrussels||,Y
dean-and-britta,dean-wareham,Dean Wareham and Sea Power,2025,2025-08-20,-with-sea-power,2025-05-17,Dean Wareham plays Galaxie 500,,The Trades Club,Hebden Bridge,,UK,the-trades-club-hebden-bridge-uk,,,Dean Wareham - guitar/vocals|Britta Phillips - bass/vocals/keyboards,Blue Thunder|Strange|Temperature's Rising|Fourth of July|When Will You Come Home|Spook|Tugboat,,Sea Power,,https://thetradesclub.com/events/seapowertwo,,,Rehearsal for Dean Wareham and Sea Power play the songs of Galaxie 500 (supporting a full Sea Power set). Tickets in sale Monday 19th May at 10am,|bluethunder|strange|temperaturesrising|fourthofjuly|whenwillyoucomehome|spook|tugboat|,Y
dean-and-britta,dean-and-britta,Dean & Britta,2025,2025-08-21,,2025-05-04,,,The Trades Club,Hebden Bridge,,UK,the-trades-club-hebden-bridge-uk,,,Dean Wareham - guitar/vocals|Britta Phillips - bass/vocals/keyboards,I'm So Bored With The USA|The Cloud is Coming|Night Nurse|Love is Colder Than Death|I'll Keep it With Mine|Mystery Guest|Snowstorm|Tracy I Love You|Knives from Bavaria|Yesterday's Hero|23 Minutes in Brussels|Blue Thunder|^encore|Bonnie and Clyde|Strange,,Deary,https://media.fullofwishes.co.uk/07-dean_and_britta/show_assets/2025-08-21/2025-08-21-dean-and-britta-trades-club.jpg,https://thetradesclub.com/events/deanbritta,,,,|imsoboredwiththeusa|thecloudiscoming|nightnurse|loveiscolderthandeath|illkeepitwithmine|mysteryguest|snowstorm|tracyiloveyou|knivesfrombavaria|yesterdayshero|23minutesinbrussels|bluethunder|encore|bonnieandclyde|strange|,Y
dean-and-britta,dean-wareham,Dean Wareham and Sea Power,2025,2025-08-22,-with-sea-power,2025-05-17,Dean Wareham plays Galaxie 500,Krankenhaus FestIval,Muncaster Castle,Ravenglass,,UK,krankenhaus-festival-muncaster-castle-ravenglass-uk,,,Dean Wareham - guitar/vocals|Britta Phillips - bass/vocals/keyboards,I'm So Bored With The USA|The Cloud Is Coming|I'll Keep It With Mine|Snowstorm|Drive|Ceremony|Don't Let Our Youth Go To Waste |23 Minutes in Brussels,,,,https://krankenhaus.tygit.com/account/login,https://krankenhausfestival.com/,,Dean Wareham and Sea Power play the songs of Galaxie 500.,|imsoboredwiththeusa|thecloudiscoming|illkeepitwithmine|snowstorm|drive|ceremony|dontletouryouthgotowaste|23minutesinbrussels|,Y
dean-and-britta,dean-and-britta,Dean & Britta,2025,2025-08-24,,2025-05-17,,Krankenhaus FestIval,Muncaster Castle,Ravenglass,,UK,krankenhaus-festival-muncaster-castle-ravenglass-uk,,,Dean Wareham - guitar/vocals|Britta Phillips - bass/vocals/keyboards,Blue Thunder|Strange|Temperature's Rising|Fourth of July|When Will You Come Home|Spook|Tugboat,,,,https://krankenhaus.tygit.com/account/login,https://krankenhausfestival.com/,,,|bluethunder|strange|temperaturesrising|fourthofjuly|whenwillyoucomehome|spook|tugboat|,Y
dean-and-britta,dean-and-britta,Dean & Britta,2025,2025-08-25,,2025-05-04,,,The Holy GrAle,Durham,,UK ,the-holy-grale-durham-uk,,,Dean Wareham - guitar/vocals|Britta Phillips - bass/vocals/keyboards,I'm So Bored With The USA|We're Not Finished Yet|Knives from Bavaria|The Cloud is Coming |Night Nurse |I'll Keep it With Mine|23 Minutes in Brussels|Love is Colder than Death|Drive|Blue Thunder|Yesterday's Hero|Friendly Advice|Tugboat|^encore|Bonnie and Clyde|Strange,,Lucas Renney,,https://www.seetickets.com/event/dean-britta/the-holy-grale/3414638,,,,|imsoboredwiththeusa|werenotfinishedyet|knivesfrombavaria|thecloudiscoming|nightnurse|illkeepitwithmine|23minutesinbrussels|loveiscolderthandeath|drive|bluethunder|yesterdayshero|friendlyadvice|tugboat|encore|bonnieandclyde|strange|,Y
dean-and-britta,dean-and-britta,Dean & Britta,2025,2025-08-26,,2025-05-29,,,The Engine Room,North Shields,,UK,the-engine-room-north-shields-uk,,,Dean Wareham - guitar/vocals|Britta Phillips - bass/vocals/keyboards,Mystery Guest|Dear Betty Baby|He Dines Out on Death|Night Nurse|I'll Keep it With Mine|The Last Word|Snowstorm|Drive|Tracy I Love You|Blue Thunder|Don't Let Our Youth Go to Waste|^encore|The Sun is Still Sunny|Ceremony,,Lucas Renney,,https://www.seetickets.com/event/dean-britta/the-engine-room/3429213,,,,|mysteryguest|dearbettybaby|hedinesoutondeath|nightnurse|illkeepitwithmine|thelastword|snowstorm|drive|tracyiloveyou|bluethunder|dontletouryouthgotowaste|encore|thesunisstillsunny|ceremony|,Y
damon-and-naomi,damon-and-naomi,Damon & Naomi,1997,1997-03-19,,1994-01-01,,,12 Bar Club,London,,UK,12-bar-club-london-uk,,,Damon Krukowski - guitar/vocals|Naomi Yang - keyboards/bass/vocals,,,,,,,,,,Y
damon-and-naomi,damon-and-naomi,Damon & Naomi,1997,1997-10-07,,1994-01-01,,,12 Bar Club,London,,UK,12-bar-club-london-uk,,,Damon Krukowski - guitar/vocals|Naomi Yang - keyboards/bass/vocals,,,,,,,,,,Y
damon-and-naomi,damon-and-naomi,Damon & Naomi,1998,1998-05-20,,1994-01-01,,,Garage,London,,UK,garage-london-uk,,,Damon Krukowski - guitar/vocals|Naomi Yang - keyboards/bass/vocals,,,,,,,,,,Y
damon-and-naomi,damon-and-naomi,Damon & Naomi,1998,1998-10-25,,1994-01-01,,,Dingwalls,London,,UK,dingwalls-london-uk,,,Damon Krukowski - guitar/vocals|Naomi Yang - keyboards/bass/vocals,,,,,,,,,,Y
damon-and-naomi,damon-and-naomi,Damon & Naomi,1999,1999-08-26,,1994-01-01,,,Lift,Brighton,,UK,lift-brighton-uk,,,Damon Krukowski - guitar/vocals|Naomi Yang - keyboards/bass/vocals,,,,,,,,,,Y
damon-and-naomi,damon-and-naomi,Damon & Naomi,1999,1999-08-28,,1994-01-01,,,ULU,London,,UK,ulu-london-uk,,,Damon Krukowski - guitar/vocals|Naomi Yang - keyboards/bass/vocals,,,,,,,,,,Y
damon-and-naomi,damon-and-naomi,Damon & Naomi,1999,1999-09-02,,1994-01-01,,,Garage,London,,UK,garage-london-uk,,,Damon Krukowski - guitar/vocals|Naomi Yang - keyboards/bass/vocals,,,,,,,,,,Y
damon-and-naomi,damon-and-naomi,Damon & Naomi,2001,2001-05-15,,1994-01-01,,,Garage,London,,UK,garage-london-uk,,,Damon Krukowski - guitar/vocals|Naomi Yang - keyboards/bass/vocals,Judah and the Maccabees|The New World|Eye Of The Storm|Turn Of The Century|Song To The Siren|New York City|The Navigator|The Great Wall|I Dreamed of the Caucasus|Tanka|A Song for You|This Car Climbed Mt. Washington,,,,,,Download|https://www.mediafire.com/file/lindniw2xng/2001-05-15_Damon-Naomi_London.zip/file|Mediafire,,|judahandthemaccabees|thenewworld|eyeofthestorm|turnofthecentury|songtothesiren|newyorkcity|thenavigator|thegreatwall|idreamedofthecaucasus|tanka|asongforyou|thiscarclimbedmtwashington|,Y
damon-and-naomi,damon-and-naomi,Damon & Naomi,2003,2003-10-07,,1994-01-01,,,Water Rats,London,,UK,water-rats-london-uk,,,Damon Krukowski - guitar/vocals|Naomi Yang - keyboards/bass/vocals,,,,,,,,,,Y
damon-and-naomi,damon-and-naomi,Damon & Naomi,2005,2005-05-20,,1994-01-01,,,Downstairs at The Kings Head,London,,UK,downstairs-at-the-kings-head-london-uk,,,Damon Krukowski - guitar/vocals|Naomi Yang - keyboards/bass/vocals,,,,,,,,,,Y
damon-and-naomi,damon-and-naomi,Damon & Naomi,2007,2007-11-25,,1994-01-01,,,Scala,London,,UK,scala-london-uk,,,Damon Krukowski - guitar/vocals|Naomi Yang - keyboards/bass/vocals,,,,,,,,,,Y
damon-and-naomi,damon-and-naomi,Damon & Naomi,2008,2008-10-12,,1994-01-01,,,Rough Trade East,London,,UK,rough-trade-east-london-uk,,,Damon Krukowski - guitar/vocals|Naomi Yang - keyboards/bass/vocals,Ueno Station|Song To The Siren|The Robot Speaks|Turn Of The Century|Cruel Queen,,,,,,,Free in-store - 7pm,|uenostation|songtothesiren|therobotspeaks|turnofthecentury|cruelqueen|,Y
damon-and-naomi,damon-and-naomi,Damon & Naomi,2009,2009-01-15,,1994-01-01,,,The Luminaire,London,,UK,the-luminaire-london-uk,,,Damon Krukowski - guitar/vocals|Naomi Yang - keyboards/vocals|Alasdair Maclean - guitar,,,,,,,,Supported by The Left Outsides,,Y
damon-and-naomi,damon-and-naomi,Damon & Naomi,2009,2009-09-04,,1994-01-01,,,Cafe Oto,London,,UK,cafe-oto-london-uk,,,Damon Krukowski - guitar/vocals|Naomi Yang - keyboards/bass/vocals,,,,,,,,with Amor de Dias (Alasdair from The Clientele and Lupe from Pipas) and The Left Outsides,,Y
damon-and-naomi,damon-and-naomi,Damon & Naomi,2010,2010-05-01,,1994-01-01,,,The Luminaire,London,,UK,the-luminaire-london-uk,,,Damon Krukowski - guitar/vocals|Naomi Yang - keyboards/bass/vocals,,,,,,,,With Amor de Días,,Y
damon-and-naomi,damon-and-naomi,Damon & Naomi,2010,2010-12-18,,1994-01-01,,,Borderline,London,,UK,borderline-london-uk,,,Damon Krukowski - guitar/vocals|Naomi Yang - keyboards/bass/vocals,,,,,,,,Supporting The Clientele,,Y
damon-and-naomi,damon-and-naomi,Damon & Naomi,2011,2011-05-10,,1994-01-01,,,Rough Trade East,London,,UK,rough-trade-east-london-uk,,,Damon Krukowski - guitar/vocals|Naomi Yang - keyboards/bass/vocals,,,,,,,,in-store performance 7pm,,Y
damon-and-naomi,damon-and-naomi,Damon & Naomi,2011,2011-05-11,,1994-01-01,,,Cafe Oto,London,,UK,cafe-oto-london-uk,,,Damon Krukowski - guitar/vocals|Naomi Yang - keyboards/bass/vocals,,,,,,,,with Michio Kurihara and Richard Youngs,,Y
damon-and-naomi,damon-and-naomi,Damon & Naomi,2011,2011-12-11,,1994-01-01,,,Whirled Cinema,London,,UK,whirled-cinema-london-uk,,,Damon Krukowski - guitar/vocals|Naomi Yang - keyboards/bass/vocals,,,,,,,,Viola Nights,,Y
damon-and-naomi,damon-and-naomi,Damon & Naomi,2013,2013-01-26,,1994-01-01,,,Cafe Oto,London,,UK,cafe-oto-london-uk,,,Damon Krukowski - guitar/vocals|Naomi Yang - keyboards/bass/vocals,,,,,,,,Supporting Richard Youngs. Damon will also be performing with Richard youngs,,Y
damon-and-naomi,damon-and-naomi,Damon & Naomi,2014,2014-05-18,,1994-01-01,Fortune,,Cafe Oto,London,,UK,cafe-oto-london-uk,,,Damon Krukowski - guitar/vocals|Naomi Yang - keyboards/bass/vocals,The Seeker|Amnesia|It's Over|Reflections|A Shining Dream|Shadows|Towards Tomorrow|Sky Memories|Hurt House|The North Light|Time Won't Own Me,,,,http://www.wegottickets.com/event/269393,http://www.cafeoto.co.uk/damon-and-naomi-2014.shtm,,Showing of Naomi Yangs silent film Fortune with live accompaniment by Damon &amp; Naomi,|theseeker|amnesia|itsover|reflections|ashiningdream|shadows|towardstomorrow|skymemories|hurthouse|thenorthlight|timewontownme|,Y
damon-and-naomi,damon-and-naomi,Damon & Naomi,2015,2015-04-09,,1994-01-01,Fortune,,Rough Trade East,London,,UK,rough-trade-east-london-uk,,,Damon Krukowski - guitar/vocals|Naomi Yang - keyboards/vocals,"Song to the Siren|Listen, the Snow Is Falling|The Seeker|Amnesia|It's Over|Reflections|A Shining Dream|Shadows|Towards Tomorrow|Sky Memories|Hurt House|The North Light|Time Won't Own Me",,,https://media.fullofwishes.co.uk/03-damon_and_naomi/show_assets/2015-04-09/2015-04-09-damon-and-naomi-rough-trade.jpg,http://www.roughtrade.com/events/2015/4/1154,,,Lunchtime showing of Naomis film Fortune with live accompaniment,|songtothesiren|listenthesnowisfalling|theseeker|amnesia|itsover|reflections|ashiningdream|shadows|towardstomorrow|skymemories|hurthouse|thenorthlight|timewontownme|,Y
damon-and-naomi,damon-and-naomi,Damon & Naomi,2016,2016-04-18,,2016-01-25,,,Cafe Oto,London,,UK,cafe-oto-london-uk,,true,Damon Krukowski - guitar/vocals|Naomi Yang - keyboards/vocals,,,,,https://www.cafeoto.co.uk/events/damon-naomi-richard-youngs/,https://www.cafeoto.co.uk/events/damon-naomi-richard-youngs/,,Damon &amp; Naomi's performance was cancelled after Damon felt unwell after an earlier fall. Damon had drummed during Richard Youngs' support slot before feeling unwell and being taken to hospital.,,Y
damon-and-naomi,damon-and-naomi,Damon & Naomi,2016,2016-04-22,,2016-01-25,Fortune,,Grüner Salon,Berlin,,Germany,gruner-salon-berlin-germany,,,Damon Krukowski - guitar/vocals|Naomi Yang - keyboards/vocals,The Seeker|Amnesia|It's Over|Reflections|A Shining Dream|Shadows|Towards Tomorrow|Sky Memories|Hurt House|The North Light|Time Won't Own Me,,,,,http://www.gruener-salon.de/,,Damon will also be drumming for Richard Youngs,|theseeker|amnesia|itsover|reflections|ashiningdream|shadows|towardstomorrow|skymemories|hurthouse|thenorthlight|timewontownme|,Y
damon-and-naomi,damon-and-naomi,Damon & Naomi,2018,2018-02-14,,2017-11-27,,,Cafe Oto,London,,UK,cafe-oto-london-uk,,,Damon Krukowski - guitar/vocals|Naomi Yang - keyboards/vocals,,,,,http://www.wegottickets.com/event/423289,,,,,Y
damon-and-naomi,damon-and-naomi,Damon & Naomi,2018,2018-02-18,,2017-12-12,,,Night and Day Cafe,Manchester,,UK,night-and-day-cafe-manchester-uk,,,Damon Krukowski - guitar/vocals|Naomi Yang - keyboards/vocals,How Do I Say Goodbye|Judah and the Maccabees|Eye of the Storm|A Shining Dream|Lilac Land|Turn of the Century|The Robot Speaks|Helsinki|A Second Life|^encore|Translucent Carriages,,,https://media.fullofwishes.co.uk/03-damon_and_naomi/show_assets/2018-02-18/2018-02-18-damon-and-naomi-manchester-poster.jpg,https://www.ticketweb.uk/event/damon-naomi-night-day-cafe-tickets/7934525,,,,|howdoisaygoodbye|judahandthemaccabees|eyeofthestorm|ashiningdream|lilacland|turnofthecentury|therobotspeaks|helsinki|asecondlife|encore|translucentcarriages|,Y
damon-and-naomi,damon-and-naomi,Damon Krukowski,2019,2019-06-04,,2019-05-09,Ways of Hearing,,Rough Trade West,London,,UK,rough-trade-west-london-uk,,,Damon Krukowski,,,,,,https://www.roughtrade.com/gb/events/rough-trade-west-damon-krukowski-presents-ways-of-hearing,,,,Y
damon-and-naomi,damon-and-naomi,Damon & Naomi,2019,2019-06-05,,2019-05-09,Ways of Hearing,,The Victoria,London,,UK,the-victoria-london-uk,,,Damon Krukowski - guitar/vocals|Naomi Yang - keyboards/vocals,,,,,https://www.eventbrite.com/e/ways-of-hearing-damon-krukowski-in-conversation-damon-naomi-live-set-tickets-61492061411,,,Q&amp;A with Damon about Ways of Hearing followed by Damon &amp; Naomi set,,Y
damon-and-naomi,damon-and-naomi,Damon & Naomi,2023,2023-09-03,,2023-06-15,,,Cafe Oto,London,,UK,cafe-oto-london-uk,,,Damon Krukowski - guitar/vocals|Naomi Yang - keyboards/bass/vocals,Oceans in Between|Between the Wars|How Do I Say Goodbye|Helsinki|The Robot Speaks|How Long|In the Sun|Turn of the Century|Season Without Time|Sailing By|Judah and the Maccabees|Another Day|^encore|Song to the Siren,setlist.fm,Richard Youngs,,https://www.cafeoto.co.uk/events/damon-naomi-richard-youngs-2023/,,,,|oceansinbetween|betweenthewars|howdoisaygoodbye|helsinki|therobotspeaks|howlong|inthesun|turnofthecentury|seasonwithouttime|sailingby|judahandthemaccabees|anotherday|encore|songtothesiren|,Y